{
    "dict_num_var_selection_with_that_num_variables": {
        "1": [
            1,
            0,
            0,
            0
        ],
        "2": [
            1,
            0,
            1,
            0
        ],
        "3": [
            1,
            0,
            1,
            1
        ],
        "4": [
            1,
            1,
            1,
            1
        ]
    },
    "dict_num_var_selected_num_clusters": {
        "1": 3,
        "2": 8,
        "3": 13,
        "4": 9
    },
    "dict_num_var_selected_fitness": {
        "1": 0.6920575418763407,
        "2": 0.6054245496155495,
        "3": 0.46321567635508687,
        "4": 0.40410288164059405
    },
    "dict_num_var_threshold": {
        "1": 0.4918545626652977,
        "2": 0.36724770773495496,
        "3": 0.35924930663802074,
        "4": 0.2620084068425733
    },
    "dict_num_var_selected_importance": {
        "1": 1.0,
        "2": 0.5785060378647788,
        "3": 0.3141772921258791,
        "4": 0.0
    },
    "dictionary_deltas_importance_diferences_with_exponential_decay": {
        "1": 0.2003642724244896,
        "2": 0.1879997482182952,
        "3": 0.27334948380962826,
        "4": 0.0
    }
}