Variable,Significance
var-0,0.4918545626652977
var-1,0.2620084068425733
var-2,0.36724770773495496
var-3,0.35924930663802074
